class,video_id,title,channel,link,length_s,published,views,thumbnail,query,flags,score
snatch,0vprZOJ0fhw,Chain Snatching Caught on Camera,PuthiyathalaimuraiTV,https://www.youtube.com/watch?v=0vprZOJ0fhw,52,12y ago,5293,https://i.ytimg.com/vi/0vprZOJ0fhw/hqdefault.jpg?sqp=-oaymwE9COADEI4CSFryq4qpAy8IARUAAAAAGAElAADIQj0AgKJDeAHwAQH4Af4EgALoAooCDAgAEAEYZSBiKFgwDw==&rs=AOn4CLAjXeVnFZOdCDoyd_lVoMS5ivsOJg,CCTV chain snatching,,3
snatch,1PxvTzKcf3A,Chain Snatched from Elderly Woman Inside Jaipur Home | Robbery Caught on CCTV | News9,NEWS9 Live,https://www.youtube.com/watch?v=1PxvTzKcf3A,29,1y ago,6091,https://i.ytimg.com/vi/1PxvTzKcf3A/hq720_2.jpg?sqp=-oaymwFBCOgCEMoBSFryq4qpAzMIARUAAIhCGADYAQHiAQoIGBACGAY4AUAB8AEB-AHOBYACgAqKAgwIABABGGUgVChHMA8=&rs=AOn4CLB3VgZ4je6UZdBF90A-kT_iqkYNZw,chain snatching cctv jaipur,,3
snatch,2BhQAk4MZxc,"Woman Bravely Fights With Snatchers, Incident Caught On CCTV Camera",The Indian Express,https://www.youtube.com/watch?v=2BhQAk4MZxc,63,4y ago,4462329,https://i.ytimg.com/vi/2BhQAk4MZxc/hq720.jpg?sqp=-oaymwEjCOgCEMoBSFryq4qpAxUIARUAAAAAGAElAADIQj0AgKJDeAE=&rs=AOn4CLCrAry6KcsmII7TFel8gsXazCYXHg,CCTV chain snatching,,3
snatch,6NQqCihfJB4,CCTV Viral  दिनदहाड़े मां बच्चे पर हमला! चेन स्नैचिंग का खौफनाक CCTV,Zee News,https://www.youtube.com/watch?v=6NQqCihfJB4,16,4mo ago,21875,https://i.ytimg.com/vi/6NQqCihfJB4/hq720_2.jpg?sqp=-oaymwE2COgCEMoBSFXyq4qpAygIARUAAIhCGABwAcABBvABAfgBzgWAAoAKigIMCAAQARhlIF8oUDAP&rs=AOn4CLCFcuJOgiym1NqjLQksbv67Bv0EhQ,चेन स्नैचिंग सीसीटीवी,,3
snatch,80ZgWE_PKdI,Woman Chases Chain-Snatchers After Broad-Daylight Theft in Jaipur | CCTV Footage Viral,NewsBreak24,https://www.youtube.com/watch?v=80ZgWE_PKdI,25,11d ago,7,https://i.ytimg.com/vi/80ZgWE_PKdI/hq720_2.jpg?sqp=-oaymwFBCOgCEMoBSFryq4qpAzMIARUAAIhCGADYAQHiAQoIGBACGAY4AUAB8AEB-AG2CIACgA-KAgwIABABGH8gEygYMA8=&rs=AOn4CLAoDx0MYQJJ56PHAb1D0V4qlUVlSg,chain snatching cctv jaipur,,3
snatch,A1NPEjySaKE,Chain Snatching from Old Lady Recorded in CCTV footage | Caught on CCTV,CAUGHT ON CCTV,https://www.youtube.com/watch?v=A1NPEjySaKE,77,8y ago,31695,https://i.ytimg.com/vi/A1NPEjySaKE/hqdefault.jpg?sqp=-oaymwEjCOADEI4CSFryq4qpAxUIARUAAAAAGAElAADIQj0AgKJDeAE=&rs=AOn4CLBmFZtZpBSf-uN9Me1HDfm5xA1nRw,CCTV chain snatching,,3
snatch,DMV6i8aqm3g,Chain Snatching from a provision store | cctv footage!!| മാല പൊട്ടിച്ചുകൊണ്ട് ഓടിയപ്പോൾ..,akri media,https://www.youtube.com/watch?v=DMV6i8aqm3g,39,5y ago,4870,https://i.ytimg.com/vi/DMV6i8aqm3g/hqdefault.jpg?sqp=-oaymwE9COADEI4CSFryq4qpAy8IARUAAAAAGAAlAADIQj0AgKJDeAHwAQH4AagDgALgA4oCDAgAEAEYUiBlKGUwDw==&rs=AOn4CLBFTIc724K8y-PNXl38uBB6FRk04w,CCTV chain snatching,,3
snatch,IMpbWnoCoK0,Caught on CCTV : Chain snatching incident in Puducherry | Dt Next,DT Next,https://www.youtube.com/watch?v=IMpbWnoCoK0,68,3y ago,1116,https://i.ytimg.com/vi/IMpbWnoCoK0/hq720.jpg?sqp=-oaymwEjCOgCEMoBSFryq4qpAxUIARUAAAAAGAElAADIQj0AgKJDeAE=&rs=AOn4CLCD8awjlTcuOBAwgoPqdiAtMROz6g,CCTV chain snatching,,3
snatch,J_8DxpyifUg,चेन चोरी का खौफनाक वीडियो 🔥 औरत का चेन लुट गया | The Akansh #cctv #snatching,THE AKANSH,https://www.youtube.com/watch?v=J_8DxpyifUg,23,3mo ago,34425,https://i.ytimg.com/vi/J_8DxpyifUg/hq720.jpg?sqp=-oaymwE9COgCEMoBSFryq4qpAy8IARUAAAAAGAAlAADIQj0AgKJDeAHwAQH4AbYIgAKAD4oCDAgAEAEYTiBlKEwwDw==&rs=AOn4CLA-MOMSm9j5vfaea578mswOhFZlAQ,CCTV chain snatching,,3
snatch,RJsbw1Z0C5g,చైన్ స్నాచింగ్...CCTV Video,BBC News Telugu,https://www.youtube.com/watch?v=RJsbw1Z0C5g,21,11mo ago,573144,https://i.ytimg.com/vi/RJsbw1Z0C5g/hq720_2.jpg?sqp=-oaymwE9COgCEMoBSFryq4qpAy8IARUAAAAAGAAlAADIQj0AgKJDeAHwAQH4AbYIgAKAD4oCDAgAEAEYRCBMKGUwDw==&rs=AOn4CLAQlVt2papYcRIgs5JUyCz0gfLjRQ,CCTV chain snatching,,3
snatch,TDCPECkKd_0,Live Robbery | Chain snatching | Cctv | India,Doge Voice over,https://www.youtube.com/watch?v=TDCPECkKd_0,74,5y ago,1646,https://i.ytimg.com/vi/TDCPECkKd_0/hq720.jpg?sqp=-oaymwE9COgCEMoBSFryq4qpAy8IARUAAAAAGAElAADIQj0AgKJDeAHwAQH4AdQGgALgA4oCDAgAEAEYZSBhKFswDw==&rs=AOn4CLCUsYff0_8mi-W6j1y07Wc6hGP6sA,CCTV chain snatching,,3
snatch,YM5ov2vEElQ,Instant karma for phone thief | CCTV and bodycam footage of the unmarked police car pursuit,Metropolitan Police,https://www.youtube.com/watch?v=YM5ov2vEElQ,45,1y ago,94576,https://i.ytimg.com/vi/YM5ov2vEElQ/hq720.jpg?sqp=-oaymwEcCOgCEMoBSFXyq4qpAw4IARUAAIhCGAFwAcABBg==&rs=AOn4CLDAwJq6j2UA2AAvRc1jaOO8TAding,mobile phone snatching cctv,,3
snatch,c_X7EV0Vy48,Chain Snatching Caught on Camera,Dainik Bhaskar,https://www.youtube.com/watch?v=c_X7EV0Vy48,71,10y ago,1475,https://i.ytimg.com/vi/c_X7EV0Vy48/hqdefault.jpg?sqp=-oaymwEjCOADEI4CSFryq4qpAxUIARUAAAAAGAElAADIQj0AgKJDeAE=&rs=AOn4CLC7lA4K2K8gt6y8orJsB5WeMQkH0w,CCTV chain snatching,,3
snatch,eiFm7s2f-j0,CHRISTMAS SHOCKER: CHAIN SNATCHING CAPTURED ON CCTV,OHeraldo Goa,https://www.youtube.com/watch?v=eiFm7s2f-j0,34,9mo ago,8138,https://i.ytimg.com/vi/eiFm7s2f-j0/hq720_2.jpg?sqp=-oaymwE9COgCEMoBSFryq4qpAy8IARUAAAAAGAAlAADIQj0AgKJDeAHwAQH4AbYIgAKAD4oCDAgAEAEYPSBNKHIwDw==&rs=AOn4CLBzO4jrhaEVmVJD2JcFJ8_GsyZzXA,CCTV chain snatching,,3
snatch,hOVS3xo32TQ,"""Chain Snatching Caught on CCTV! 😱🚨""short video",Boy Byte 050,https://www.youtube.com/watch?v=hOVS3xo32TQ,20,1y ago,28034,https://i.ytimg.com/vi/hOVS3xo32TQ/hqdefault.jpg?sqp=-oaymwE9COADEI4CSFryq4qpAy8IARUAAAAAGAAlAADIQj0AgKJDeAHwAQH4AbYIgAKAD4oCDAgAEAEYZSBeKFowDw==&rs=AOn4CLBza5-iQMBJQ5kIwDg_DfC9AAg7LA,CCTV chain snatching,,3
snatch,iPXo9gqU2NM,CCTV of cyclist snatching mobile phone from victim's hand in blink of an eye,City of London Police,https://www.youtube.com/watch?v=iPXo9gqU2NM,59,11y ago,327711,https://i.ytimg.com/vi/iPXo9gqU2NM/hq720.jpg?sqp=-oaymwE2COgCEMoBSFXyq4qpAygIARUAAIhCGAFwAcABBvABAfgB_gmAAtAFigIMCAAQARheIF4oXjAP&rs=AOn4CLDLSwztqCLHjPwFEneWpij30QI9Ng,mobile phone snatching cctv,,3
snatch,mxX9Cn-Skz0,CCTV Video - Live Chain Snatching caught in CCTV Camera | SHOCKING !,Delhi Darpan Tv,https://www.youtube.com/watch?v=mxX9Cn-Skz0,54,7y ago,1641,https://i.ytimg.com/vi/mxX9Cn-Skz0/hq720.jpg?sqp=-oaymwEjCOgCEMoBSFryq4qpAxUIARUAAAAAGAElAADIQj0AgKJDeAE=&rs=AOn4CLDzYkLpljZfgeKAVNDaXbMt_S4whQ,CCTV chain snatching,,3
snatch,n5i6L3L-W1c,Jaipur Chain Snatching Caught on CCTV,BVN News Channel ,https://www.youtube.com/watch?v=n5i6L3L-W1c,25,11d ago,2,https://i.ytimg.com/vi/n5i6L3L-W1c/hq720_2.jpg?sqp=-oaymwFBCOgCEMoBSFryq4qpAzMIARUAAIhCGADYAQHiAQoIGBACGAY4AUAB8AEB-AG2CIACgA-KAgwIABABGGUgYyhaMA8=&rs=AOn4CLBVyYVREp-BR0gRLmQW8tQ89xvReA,chain snatching cctv jaipur,,3
snatch,nbRsW64sVgc,Chain snatching CCTV Footage,Real Videos World,https://www.youtube.com/watch?v=nbRsW64sVgc,87,5y ago,4084,https://i.ytimg.com/vi/nbRsW64sVgc/hqdefault.jpg?sqp=-oaymwEjCOADEI4CSFryq4qpAxUIARUAAAAAGAElAADIQj0AgKJDeAE=&rs=AOn4CLBWBbGXu4-qC7NMGUCxG-rC8yUrSw,CCTV chain snatching,,3
snatch,rtzgOfpDwT8,Jaipur Durgapura Market Chain Snatching Caught on CCTV in Broad Daylight,InfoUp,https://www.youtube.com/watch?v=rtzgOfpDwT8,25,12d ago,6,https://i.ytimg.com/vi/rtzgOfpDwT8/hq720_2.jpg?sqp=-oaymwFBCOgCEMoBSFryq4qpAzMIARUAAIhCGADYAQHiAQoIGBACGAY4AUAB8AEB-AHOBYACgAqKAgwIABABGFwgWyhlMA8=&rs=AOn4CLCIcNHQTWzo9dBlliSXq5u0h_JSbg,chain snatching cctv jaipur,,3
snatch,1lSngqOLpbM,"Jaipur News | Woman’s Chain Snatched In Jaipur’s Bajaj Nagar, CCTV Captures Crime",NDTV,https://www.youtube.com/watch?v=1lSngqOLpbM,72,12d ago,11068,https://i.ytimg.com/vi/1lSngqOLpbM/hq720.jpg?sqp=-oaymwEnCOgCEMoBSFryq4qpAxkIARUAAIhCGAHYAQHiAQoIGBACGAY4AUAB&rs=AOn4CLA1dYHkYNcj6YpRLIvprZE7xN7lBQ,chain snatching cctv jaipur,news,2
snatch,4QM6wknyj-4,Mobile snatching caught on CCTV Camera,Techno Singh,https://www.youtube.com/watch?v=4QM6wknyj-4,124,9y ago,7668075,https://i.ytimg.com/vi/4QM6wknyj-4/hqdefault.jpg?sqp=-oaymwEcCOADEI4CSFXyq4qpAw4IARUAAIhCGAFwAcABBg==&rs=AOn4CLBFUhlZwqYZws1TwWGf7vjhXATieg,mobile phone snatching cctv,,2
snatch,BvndQ_d0Hzg,"बुजुर्ग से दिनदहाड़े चेन स्नैचिंग, CCTV में कैद हुए बाइक सवार बदमाश","SKV NEWS AJMER, RAJASTHAN",https://www.youtube.com/watch?v=BvndQ_d0Hzg,118,2mo ago,124,https://i.ytimg.com/vi/BvndQ_d0Hzg/hq720.jpg?sqp=-oaymwE2COgCEMoBSFXyq4qpAygIARUAAIhCGAFwAcABBvABAfgB_gmAAtAFigIMCAAQARhlIEcoQjAP&rs=AOn4CLBnoIGAXBGoibfE5C7QDFBakI_oWg,चेन स्नैचिंग सीसीटीवी,,2
snatch,Kzm8v1bUMrI,Chain snatching incident in Vaishali Nagar causes sensation; crime caught on CCTV,Horizon Hind News Ajmer,https://www.youtube.com/watch?v=Kzm8v1bUMrI,122,1mo ago,84,https://i.ytimg.com/vi/Kzm8v1bUMrI/hq720.jpg?sqp=-oaymwE2COgCEMoBSFXyq4qpAygIARUAAIhCGAFwAcABBvABAfgB_gmAAtAFigIMCAAQARhlIGUoZTAP&rs=AOn4CLCgtoqaQ2ZzSrbSugYTOek1DpLppg,चेन स्नैचिंग सीसीटीवी,,2
snatch,LlFZJPiuSOM,"चेन स्नेचिंग की वारदात CCTV में कैद, लड़की ने झपटी सोने की चेन",News Crime 24,https://www.youtube.com/watch?v=LlFZJPiuSOM,114,1d ago,178,https://i.ytimg.com/vi/LlFZJPiuSOM/hq720.jpg?sqp=-oaymwEcCOgCEMoBSFXyq4qpAw4IARUAAIhCGAFwAcABBg==&rs=AOn4CLAmZ-LON7gJhvAwkb3Wk4m3PgHRJQ,चेन स्नैचिंग सीसीटीवी,,2
snatch,NBuNmT8N1Bk,"Jaipur News | Chain Snatching In Jaipur Caught On CCTV, Woman Targeted",DD Bharat,https://www.youtube.com/watch?v=NBuNmT8N1Bk,31,12d ago,3,https://i.ytimg.com/vi/NBuNmT8N1Bk/hq720_2.jpg?sqp=-oaymwFBCOgCEMoBSFryq4qpAzMIARUAAIhCGADYAQHiAQoIGBACGAY4AUAB8AEB-AG2CIACgA-KAgwIABABGH8gEygVMA8=&rs=AOn4CLCQb0YmPzBw1V8tJgf_4Sfnpy16Ww,chain snatching cctv jaipur,news,2
snatch,RXXuHdRVqPg,Women arrested | Chain Snatching | CCTV Footage | Planned | Old Lady | Sun News,Sun News,https://www.youtube.com/watch?v=RXXuHdRVqPg,52,1y ago,48941,https://i.ytimg.com/vi/RXXuHdRVqPg/hq720_2.jpg?sqp=-oaymwE9COgCEMoBSFryq4qpAy8IARUAAAAAGAAlAADIQj0AgKJDeAHwAQH4AbYIgAKAD4oCDAgAEAEYWCBeKGUwDw==&rs=AOn4CLCxUIzEH5G01AAtiRVx1RlCyTpXmA,CCTV chain snatching,news,2
snatch,Tgdimo1PLf4,"दिनदिहाड़े चेन स्नैचिंग की वारदातों को अंजाम दे रहे बदमाश, CCTV कैमरे में कैद हुई घटना",Punjab Kesari Haryana,https://www.youtube.com/watch?v=Tgdimo1PLf4,144,5y ago,303,https://i.ytimg.com/vi/Tgdimo1PLf4/hq720.jpg?sqp=-oaymwEcCOgCEMoBSFXyq4qpAw4IARUAAIhCGAFwAcABBg==&rs=AOn4CLBrs-ieDsZ8fEw54G1XmIU8IJoj4A,चेन स्नैचिंग सीसीटीवी,,2
snatch,dYsoAhMm3c4,Chain snatching in broad daylight in #Azamgarh! The entire incident was captured on CCTV. Police ...,UttarPradesh Org,https://www.youtube.com/watch?v=dYsoAhMm3c4,10,10mo ago,1347,https://i.ytimg.com/vi/dYsoAhMm3c4/hq720_2.jpg?sqp=-oaymwE2COgCEMoBSFXyq4qpAygIARUAAIhCGABwAcABBvABAfgBtgiAArgIigIMCAAQARhlIGUoZTAP&rs=AOn4CLBnz-wQzAUaWzZGbe0jebbAAjmvgA,चेन स्नैचिंग सीसीटीवी,,2
snatch,im764n4uBaY,"Jaipur News | Chain Snatching In Jaipur Caught On CCTV, Woman Targeted",NDTV,https://www.youtube.com/watch?v=im764n4uBaY,31,12d ago,28957,https://i.ytimg.com/vi/im764n4uBaY/hq720_2.jpg?sqp=-oaymwFBCOgCEMoBSFryq4qpAzMIARUAAIhCGADYAQHiAQoIGBACGAY4AUAB8AEB-AG2CIACgA-KAgwIABABGFsgWyhbMA8=&rs=AOn4CLAURzpa4frrcmN2wV0nLyIU8_5yog,chain snatching cctv jaipur,news,2
snatch,niir-JAxvtk,Chain snatchers beware - Zicom CCTV cameras are watching you!,Zicom - Security & Beyond,https://www.youtube.com/watch?v=niir-JAxvtk,100,9y ago,15870,https://i.ytimg.com/vi/niir-JAxvtk/hq720.jpg?sqp=-oaymwE9COgCEMoBSFryq4qpAy8IARUAAAAAGAElAADIQj0AgKJDeAHwAQH4Af4JgALQBYoCDAgAEAEYZSBlKGUwDw==&rs=AOn4CLBZKRVOx-zb4nbf0oVEUCWDyUE1-g,CCTV chain snatching,,2
snatch,oK8kQIONZGc,Jaipur Chain-Snatching Caught On CCTV: Woman Chases Accused After Gold Chain Theft #shorts,India Today,https://www.youtube.com/watch?v=oK8kQIONZGc,25,12d ago,6753,https://i.ytimg.com/vi/oK8kQIONZGc/hq720_2.jpg?sqp=-oaymwFBCOgCEMoBSFryq4qpAzMIARUAAIhCGADYAQHiAQoIGBACGAY4AUAB8AEB-AG2CIACgA-KAgwIABABGFkgWyhlMA8=&rs=AOn4CLBU-NiSAMYt7xLI4UMk29sEuXBy_Q,chain snatching cctv jaipur,shorts,2
snatch,ptHZNqDdbak,Chain Snatching: सत्संग कार्यक्रम में दो महिलाओं की चेन स्नैचिंग | Jaipur | Rajasthan News | CCTV,First India News,https://www.youtube.com/watch?v=ptHZNqDdbak,20,1y ago,7036,https://i.ytimg.com/vi/ptHZNqDdbak/hq720_2.jpg?sqp=-oaymwFBCOgCEMoBSFryq4qpAzMIARUAAIhCGADYAQHiAQoIGBACGAY4AUAB8AEB-AHOBYACgAqKAgwIABABGH8gEygTMA8=&rs=AOn4CLBDevEcBLg2vCChz9KA87WpBh-YSQ,chain snatching cctv jaipur,news,2
snatch,wWZGPANN5vc,Chori-Chain snatching caught on CCTV camera,Spartance,https://www.youtube.com/watch?v=wWZGPANN5vc,11,7y ago,922,https://i.ytimg.com/vi/wWZGPANN5vc/hq2.jpg?sqp=-oaymwE9COADEI4CSFryq4qpAy8IARUAAAAAGAAlAADIQj0AgKJDeAHwAQH4AYYCgALgA4oCDAgAEAEYQSBYKGUwDw==&rs=AOn4CLDAJdihESi33TjN-qUJ5zvQyvDJDA,CCTV chain snatching,,2
snatch,08kg_lelRT4,Cellphone grab              #crime_news #africa #crime #viral #trends,Criminal activities in South Africa ,https://www.youtube.com/watch?v=08kg_lelRT4,89,3y ago,4360,https://i.ytimg.com/vi/08kg_lelRT4/hq720.jpg?sqp=-oaymwE2COgCEMoBSFXyq4qpAygIARUAAIhCGAFwAcABBvABAfgB_gmAAtAFigIMCAAQARhbIF8oZTAP&rs=AOn4CLDnkzdPZvWSzYtUByrMgAkNDwM4BA,mobile phone snatching cctv,,1
snatch,2I1ujaXhbV8,Granny Ambushed at Noon! Gold Snatched in 8 Seconds – Jaipur CCTV Shocker 😳📹” #shorts #news,Trending Hidden Hub,https://www.youtube.com/watch?v=2I1ujaXhbV8,51,1y ago,66,https://i.ytimg.com/vi/2I1ujaXhbV8/hq720.jpg?sqp=-oaymwFBCOgCEMoBSFryq4qpAzMIARUAAIhCGADYAQHiAQoIGBACGAY4AUAB8AEB-AHOBYACgAqKAgwIABABGH8gEygXMA8=&rs=AOn4CLBA_UYi_e96FDB4RoSG_N1x0Z6gww,chain snatching cctv jaipur,news;shorts,1
snatch,5dwIQibLQaU,Cellphone thief hilariously stopped by locked door | New York Post,New York Post,https://www.youtube.com/watch?v=5dwIQibLQaU,31,3y ago,683921,https://i.ytimg.com/vi/5dwIQibLQaU/hq720.jpg?sqp=-oaymwEcCOgCEMoBSFXyq4qpAw4IARUAAIhCGAFwAcABBg==&rs=AOn4CLBmKKuXV1OkmBEIS-UQerRLa2SF2Q,mobile phone snatching cctv,,1
snatch,8vUvdJPjki4,"Chain snatchers grab the chain of a walking woman, See a live video!",Punjab Kesari TV,https://www.youtube.com/watch?v=8vUvdJPjki4,46,9y ago,4779,https://i.ytimg.com/vi/8vUvdJPjki4/hqdefault.jpg?sqp=-oaymwEnCOADEI4CSFryq4qpAxkIARUAAIhCGAHYAQHiAQoIGBACGAY4AUAB&rs=AOn4CLBBCst2gc44HIFClkAZWB3U-_5n7Q,chain snatching cctv jaipur,,1
snatch,90cI9_i5XRk,Undercover police floor London phone snatcher mid-theft,The Independent,https://www.youtube.com/watch?v=90cI9_i5XRk,46,1y ago,5481802,https://i.ytimg.com/vi/90cI9_i5XRk/hq720.jpg?sqp=-oaymwEcCOgCEMoBSFXyq4qpAw4IARUAAIhCGAFwAcABBg==&rs=AOn4CLAKSEhBYWgqcNOXnhgvkbmKh0PrWQ,mobile phone snatching cctv,,1
snatch,AH9hoqiPCwo,"चेन स्नेचिंग,सीसीटीवी में लाइव कैद हुए युवक",Rajasthan Patrika,https://www.youtube.com/watch?v=AH9hoqiPCwo,57,8y ago,244,https://i.ytimg.com/vi/AH9hoqiPCwo/hq720.jpg?sqp=-oaymwEcCOgCEMoBSFXyq4qpAw4IARUAAIhCGAFwAcABBg==&rs=AOn4CLD8V4F0kmlELG_isN4hSY1Z3Y-a4g,चेन स्नैचिंग सीसीटीवी,,1
snatch,IWLg2mKkIg4,Elderly woman injured as bike-borne thieves snatch gold chain in Jaipur,The Sentinel,https://www.youtube.com/watch?v=IWLg2mKkIg4,25,1y ago,63,https://i.ytimg.com/vi/IWLg2mKkIg4/hq720_2.jpg?sqp=-oaymwFBCOgCEMoBSFryq4qpAzMIARUAAIhCGADYAQHiAQoIGBACGAY4AUAB8AEB-AG2CIACgA-KAgwIABABGGUgZShlMA8=&rs=AOn4CLAtU0CzJ5I4KD9y2kO59Nx6O7h3NQ,chain snatching cctv jaipur,,1
snatch,i_Sn5bGXLgw,केरल में एक चेन स्नैचर ने एक बुजुर्ग महिला की चेन छीन ली - चेन लूट का वीडियो - भारत में चेन स्नैचिंग का वीडियो,siri tv,https://www.youtube.com/watch?v=i_Sn5bGXLgw,87,7y ago,725750,https://i.ytimg.com/vi/i_Sn5bGXLgw/hqdefault.jpg?sqp=-oaymwEcCOADEI4CSFXyq4qpAw4IARUAAIhCGAFwAcABBg==&rs=AOn4CLCi61SEagNjl0hMD-3O76ZCnLZ_Aw,चेन स्नैचिंग सीसीटीवी,,1
snatch,kc9le4n5Of0,"Thief Walks Into Jaipur House And Snatches Gold Chain From Elderly Woman, She Falls During Attack",NDTV,https://www.youtube.com/watch?v=kc9le4n5Of0,47,1y ago,81018,https://i.ytimg.com/vi/kc9le4n5Of0/hq720_2.jpg?sqp=-oaymwFBCOgCEMoBSFryq4qpAzMIARUAAIhCGADYAQHiAQoIGBACGAY4AUAB8AEB-AG2CIACgA-KAgwIABABGH8gEygwMA8=&rs=AOn4CLAOCHIwrLS27tpDRjnZq_fCETIHCw,chain snatching cctv jaipur,,1
snatch,x7MHAcDekHw,Kenyan Traffic Police Officer's Phone is snatched by Motor Cycle Rider,Davie Kamau,https://www.youtube.com/watch?v=x7MHAcDekHw,30,5y ago,1492613,https://i.ytimg.com/vi/x7MHAcDekHw/hqdefault.jpg?sqp=-oaymwEcCOADEI4CSFXyq4qpAw4IARUAAIhCGAFwAcABBg==&rs=AOn4CLA3X0rBKft144QLUGz8YHAIkZuJig,mobile phone snatching cctv,,1
snatch,57o8cJ4oX-Q,JAIPUR CHAIN SNATCHING #theinfochauk #breakingnews #news #viralvideo #instanews #ytshorts #reel,The Infochauk,https://www.youtube.com/watch?v=57o8cJ4oX-Q,51,1y ago,36,https://i.ytimg.com/vi/57o8cJ4oX-Q/hq720_2.jpg?sqp=-oaymwFBCOgCEMoBSFryq4qpAzMIARUAAIhCGADYAQHiAQoIGBACGAY4AUAB8AEB-AG2CIACgA-KAgwIABABGGUgTyg6MA8=&rs=AOn4CLAxmLQRJDp2aE7Mr8KtKX1FcvePLg,chain snatching cctv jaipur,news,0
snatch,BulP53RiiXs,Sneaky Thieves Caught Stealing Phones On Camera,Newsflare,https://www.youtube.com/watch?v=BulP53RiiXs,117,6y ago,1441264,https://i.ytimg.com/vi/BulP53RiiXs/hq720.jpg?sqp=-oaymwEcCOgCEMoBSFXyq4qpAw4IARUAAIhCGAFwAcABBg==&rs=AOn4CLASloBUquhemfOlGhfo1SkFOOBumg,mobile phone snatching cctv,,0
snatch,Qh5cdHrhAhM,Jaipur Chain Snatching Case Solved – Police Nab Skilled Snatchers  #jaipurnews #jaipur,Jaipur Spotlight,https://www.youtube.com/watch?v=Qh5cdHrhAhM,13,2y ago,599,https://i.ytimg.com/vi/Qh5cdHrhAhM/hq720_2.jpg?sqp=-oaymwFBCOgCEMoBSFryq4qpAzMIARUAAIhCGADYAQHiAQoIGBACGAY4AUAB8AEB-AG2CIACgA-KAgwIABABGH8gEyghMA8=&rs=AOn4CLAurLNgdElgy0DTL1ToSkIKA_xhmw,chain snatching cctv jaipur,,0
snatch,RLhx2qE7OFs,"चेन स्नैचिंग की घटना कैमरे में हुई कैद, देखें ये वीडियो | #shorts",ABP NEWS,https://www.youtube.com/watch?v=RLhx2qE7OFs,48,3y ago,8357,https://i.ytimg.com/vi/RLhx2qE7OFs/hq720_2.jpg?sqp=-oaymwE2COgCEMoBSFXyq4qpAygIARUAAIhCGABwAcABBvABAfgBzgWAAoAKigIMCAAQARhiIGIoYjAP&rs=AOn4CLDVKt4TZf5sgbAZyrzQDXIIN68JSw,चेन स्नैचिंग सीसीटीवी,shorts,0
snatch,njrEiMVtUG0,Jaipur में बुजुर्ग महिला से दिनदहाड़े लूट ! | Chain Snatching,UPDATE INDIA,https://www.youtube.com/watch?v=njrEiMVtUG0,100,3mo ago,1905,https://i.ytimg.com/vi/njrEiMVtUG0/hq720_2.jpg?sqp=-oaymwFBCOgCEMoBSFryq4qpAzMIARUAAIhCGADYAQHiAQoIGBACGAY4AUAB8AEB-AG2CIACgA-KAgwIABABGH8gEygTMA8=&rs=AOn4CLD3MfYCsBSTRwOpdh4RQ1yzHNm4VA,chain snatching cctv jaipur,,0
snatch,rSfPe7q3ZhI,दिनदहाड़े हुई चेन स्नेचिंग की घटना का वीडियो वायरल | #viral | #Chain | #Snatching | #shorts,Salaam TV,https://www.youtube.com/watch?v=rSfPe7q3ZhI,37,3y ago,1033,https://i.ytimg.com/vi/rSfPe7q3ZhI/hq720_2.jpg?sqp=-oaymwE2COgCEMoBSFXyq4qpAygIARUAAIhCGABwAcABBvABAfgBzgWAAoAKigIMCAAQARh_IBMoEzAP&rs=AOn4CLDPy3LUpaw3QuXeZve4F7BMRc2vew,चेन स्नैचिंग सीसीटीवी,shorts,0
